byte_val,timing,is_target,predicted_key
0,11528,0,0
0,13548,0,0
0,18036,0,0
0,17248,0,0
0,12716,0,0
0,11104,0,0
0,10278,0,0
0,10458,0,0
0,10488,0,0
0,10074,0,0
1,10298,0,0
1,10514,0,0
1,10520,0,0
1,10508,0,0
1,10596,0,0
1,10444,0,0
1,10480,0,0
1,10660,0,0
1,10498,0,0
1,10344,0,0
2,10332,0,0
2,10022,0,0
2,9932,0,0
2,10344,0,0
2,10390,0,0
2,10280,0,0
2,10308,0,0
2,10546,0,0
2,10152,0,0
2,10152,0,0
3,10080,0,0
3,9994,0,0
3,9944,0,0
3,9950,0,0
3,9896,0,0
3,9954,0,0
3,10094,0,0
3,9970,0,0
3,9986,0,0
3,9904,0,0
4,10082,0,0
4,9954,0,0
4,9932,0,0
4,9818,0,0
4,9912,0,0
4,9930,0,0
4,9900,0,0
4,9786,0,0
4,9756,0,0
4,9646,0,0
5,9488,0,0
5,9828,0,0
5,10028,0,0
5,9914,0,0
5,9752,0,0
5,9884,0,0
5,10014,0,0
5,9942,0,0
5,9998,0,0
5,9916,0,0
6,9908,0,0
6,9918,0,0
6,9856,0,0
6,10004,0,0
6,9728,0,0
6,10302,0,0
6,10416,0,0
6,10432,0,0
6,10468,0,0
6,10506,0,0
7,10538,0,0
7,10524,0,0
7,10440,0,0
7,10370,0,0
7,10650,0,0
7,10634,0,0
7,10518,0,0
7,10728,0,0
7,10716,0,0
7,10674,0,0
8,10776,0,0
8,10660,0,0
8,10652,0,0
8,10650,0,0
8,10704,0,0
8,10758,0,0
8,10754,0,0
8,10632,0,0
8,10516,0,0
8,10444,0,0
9,10332,0,0
9,10450,0,0
9,10558,0,0
9,10540,0,0
9,10428,0,0
9,10428,0,0
9,10528,0,0
9,9962,0,0
9,9894,0,0
9,10000,0,0
10,10396,0,0
10,10484,0,0
10,10424,0,0
10,10074,0,0
10,9964,0,0
10,10026,0,0
10,10054,0,0
10,10034,0,0
10,9856,0,0
10,9998,0,0
11,9852,0,0
11,9912,0,0
11,9964,0,0
11,10140,0,0
11,9902,0,0
11,10280,0,0
11,10362,0,0
11,10324,0,0
11,10446,0,0
11,10436,0,0
12,10372,0,0
12,10364,0,0
12,10526,0,0
12,9980,0,0
12,9964,0,0
12,9942,0,0
12,9958,0,0
12,9968,0,0
12,10466,0,0
12,10324,0,0
13,10448,0,0
13,10306,0,0
13,9888,0,0
13,9984,0,0
13,9944,0,0
13,10592,0,0
13,10538,0,0
13,10636,0,0
13,10982,0,0
13,10732,0,0
14,10698,0,0
14,10716,0,0
14,10580,0,0
14,10618,0,0
14,10712,0,0
14,10644,0,0
14,10694,0,0
14,10584,0,0
14,10712,0,0
14,10640,0,0
15,10620,0,0
15,10532,0,0
15,10634,0,0
15,10796,0,0
15,10728,0,0
15,10768,0,0
15,10646,0,0
15,10654,0,0
15,10704,0,0
15,10682,0,0
16,10860,0,10
16,10662,0,10
16,10820,0,10
16,10696,0,10
16,10798,0,10
16,10734,0,10
16,10914,0,10
16,10774,0,10
16,10608,0,10
16,10630,0,10
17,10714,0,10
17,10560,0,10
17,10574,0,10
17,10902,0,10
17,10722,0,10
17,10728,0,10
17,10780,0,10
17,10592,0,10
17,10718,0,10
17,10812,0,10
18,10734,0,10
18,10744,0,10
18,10790,0,10
18,10684,0,10
18,10736,0,10
18,10876,0,10
18,10684,0,10
18,10784,0,10
18,10864,0,10
18,10716,0,10
19,10734,0,10
19,10826,0,10
19,10868,0,10
19,10560,0,10
19,10730,0,10
19,10620,0,10
19,10672,0,10
19,10660,0,10
19,10808,0,10
19,10666,0,10
20,10696,0,10
20,10754,0,10
20,10724,0,10
20,10864,0,10
20,10682,0,10
20,10750,0,10
20,10722,0,10
20,10708,0,10
20,10790,0,10
20,10724,0,10
21,10574,0,10
21,10800,0,10
21,10852,0,10
21,10616,0,10
21,10794,0,10
21,10746,0,10
21,10864,0,10
21,10886,0,10
21,10876,0,10
21,10974,0,10
22,10828,0,10
22,10516,0,10
22,10966,0,10
22,10724,0,10
22,10898,0,10
22,10674,0,10
22,10780,0,10
22,10636,0,10
22,10384,0,10
22,10436,0,10
23,10562,0,10
23,10494,0,10
23,10516,0,10
23,10408,0,10
23,10478,0,10
23,10414,0,10
23,10416,0,10
23,10324,0,10
23,10434,0,10
23,10380,0,10
24,9842,0,10
24,10046,0,10
24,10266,0,10
24,10542,0,10
24,10438,0,10
24,10448,0,10
24,10348,0,10
24,10410,0,10
24,10280,0,10
24,9910,0,10
25,9972,0,10
25,9952,0,10
25,9966,0,10
25,10008,0,10
25,9984,0,10
25,9984,0,10
25,9940,0,10
25,10018,0,10
25,9910,0,10
25,10006,0,10
26,10058,0,10
26,9948,0,10
26,10038,0,10
26,9984,0,10
26,10082,0,10
26,9968,0,10
26,10052,0,10
26,9972,0,10
26,9988,0,10
26,9992,0,10
27,9966,0,10
27,10230,0,10
27,10390,0,10
27,10406,0,10
27,10412,0,10
27,10466,0,10
27,10466,0,10
27,10034,0,10
27,10398,0,10
27,10166,0,10
28,10112,0,10
28,10050,0,10
28,10062,0,10
28,10038,0,10
28,9936,0,10
28,9742,0,10
28,9998,0,10
28,9992,0,10
28,10040,0,10
28,9902,0,10
29,9918,0,10
29,9956,0,10
29,10146,0,10
29,9956,0,10
29,10058,0,10
29,9998,0,10
29,9956,0,10
29,10044,0,10
29,9946,0,10
29,9894,0,10
30,10030,0,10
30,9940,0,0
30,9946,0,0
30,10082,0,0
30,9858,0,0
30,10032,0,0
30,10160,0,0
30,10256,0,0
30,10204,0,0
30,9984,0,0
31,9990,0,0
31,10180,0,0
31,10428,0,0
31,10370,0,0
31,10464,0,0
31,10078,0,0
31,9994,0,0
31,10006,0,0
31,9996,0,0
31,10022,0,0
32,10032,0,0
32,10452,0,0
32,10364,0,0
32,10334,0,0
32,10056,0,0
32,10056,0,0
32,10232,0,0
32,10032,0,0
32,10044,0,0
32,10040,0,0
33,10042,0,0
33,10450,0,0
33,10592,0,0
33,10598,0,0
33,10548,0,0
33,10506,0,0
33,10386,0,0
33,10474,0,0
33,10478,0,0
33,10492,0,0
34,10508,0,0
34,10448,0,0
34,10512,0,0
34,10136,0,0
34,10032,0,0
34,9996,0,0
34,10068,0,0
34,9980,0,0
34,10114,0,0
34,10044,0,0
35,9928,0,0
35,9884,0,0
35,10066,0,0
35,9912,0,0
35,9940,0,0
35,9934,0,0
35,10060,0,0
35,10042,0,0
35,10012,0,0
35,9994,0,0
36,9928,0,0
36,9990,0,0
36,9874,0,0
36,10050,0,0
36,9976,0,0
36,10088,0,0
36,9962,0,0
36,10102,0,0
36,9960,0,0
36,9980,0,0
37,9944,0,0
37,9928,0,0
37,9966,0,0
37,9648,0,0
37,9706,0,0
37,9942,0,0
37,9776,0,0
37,10066,0,0
37,10464,0,0
37,10078,0,0
38,10074,0,0
38,9966,0,0
38,9970,0,0
38,9898,0,0
38,9914,0,0
38,9968,0,0
38,9978,0,0
38,9938,0,0
38,9960,0,0
38,9912,0,0
39,9986,0,0
39,10074,0,0
39,9980,0,0
39,9754,0,0
39,9814,0,0
39,9674,0,0
39,9756,0,0
39,10000,0,0
39,9964,0,0
39,10406,0,0
40,10394,0,0
40,10336,0,0
40,10542,0,0
40,10404,0,0
40,9988,0,0
40,9962,0,0
40,9870,0,0
40,10118,0,0
40,9998,0,0
40,9988,0,0
41,10056,0,0
41,9990,0,0
41,10062,0,0
41,10348,0,0
41,10006,0,0
41,9946,0,0
41,9996,0,0
41,9930,0,0
41,9896,0,0
41,9924,0,0
42,9940,0,0
42,9964,0,0
42,9970,0,0
42,9692,0,0
42,9830,0,0
42,9722,0,0
42,9710,0,0
42,9658,0,0
42,9822,0,0
42,9702,0,0
43,9674,0,0
43,9664,0,0
43,9756,0,0
43,9886,0,0
43,9812,0,0
43,9904,0,0
43,9898,0,0
43,9866,0,0
43,9838,0,0
43,9944,0,0
44,10232,0,0
44,9888,0,0
44,9936,0,0
44,9970,0,0
44,10298,0,0
44,10218,0,0
44,10042,0,0
44,9914,0,0
44,9982,0,0
44,10008,0,0
45,9966,0,0
45,9980,0,0
45,9978,0,0
45,9918,0,0
45,9974,0,0
45,10012,0,0
45,9984,0,0
45,9954,0,0
45,9902,0,0
45,9986,0,0
46,10022,0,0
46,9980,0,0
46,10242,0,0
46,10644,0,0
46,10524,0,0
46,10428,0,0
46,10542,0,0
46,10366,0,0
46,10568,0,0
46,10344,0,0
47,10486,0,0
47,10396,0,0
47,10378,0,0
47,10416,0,0
47,10422,0,0
47,10300,0,0
47,10284,0,0
47,10064,0,0
47,10454,0,0
47,10450,0,0
48,10494,0,30
48,10276,0,0
48,9868,0,0
48,9976,0,0
48,9852,0,0
48,10008,0,0
48,10056,0,0
48,10008,0,0
48,9932,0,0
48,9880,0,0
49,9914,0,0
49,10366,0,0
49,10324,0,0
49,10428,0,0
49,10390,0,0
49,10272,0,0
49,10404,0,0
49,10178,0,0
49,10276,0,0
49,10224,0,0
50,10160,0,0
50,9880,0,0
50,9950,0,0
50,9928,0,0
50,10064,0,0
50,10080,0,0
50,10068,0,0
50,9956,0,0
50,10040,0,0
50,10186,0,0
51,10116,0,0
51,9902,0,0
51,9906,0,0
51,9976,0,0
51,10174,0,0
51,9976,0,0
51,9938,0,0
51,10066,0,0
51,9998,0,0
51,9946,0,0
52,9952,0,0
52,9770,0,0
52,9680,0,0
52,9796,0,0
52,9848,0,0
52,9804,0,0
52,9738,0,0
52,9728,0,0
52,9880,0,0
52,9900,0,0
53,9852,0,0
53,9876,0,0
53,9866,0,0
53,10198,0,0
53,10576,0,0
53,9942,0,0
53,10088,0,0
53,10000,0,0
53,9932,0,0
53,10016,0,0
54,10004,0,0
54,9672,0,0
54,9600,0,0
54,9908,0,0
54,9972,0,0
54,9962,0,0
54,9988,0,0
54,9914,0,0
54,9980,0,0
54,9990,0,0
55,9922,0,0
55,10026,0,0
55,10000,0,0
55,10052,0,0
55,9808,0,0
55,10014,0,0
55,9916,0,0
55,10316,0,0
55,10552,0,0
55,10392,0,0
56,9956,0,0
56,9902,0,0
56,9874,0,0
56,10036,0,0
56,9910,0,0
56,9964,0,0
56,9942,0,0
56,10010,0,0
56,9882,0,0
56,9978,0,0
57,10036,0,0
57,9918,0,0
57,9804,0,0
57,9892,0,0
57,9804,0,0
57,10170,0,0
57,10362,0,0
57,10372,0,0
57,10008,0,0
57,9974,0,0
58,10004,0,0
58,9960,0,0
58,10032,0,0
58,9966,0,0
58,10054,0,0
58,9928,0,0
58,10016,0,0
58,9854,0,0
58,9852,0,0
58,9968,0,0
59,9912,0,0
59,9996,0,0
59,9908,0,0
59,9968,0,0
59,9914,0,0
59,9946,0,0
59,10032,0,0
59,10028,0,0
59,9964,0,0
59,10068,0,0
60,10336,0,0
60,10394,0,0
60,10352,0,0
60,10412,0,0
60,10454,0,0
60,10346,0,0
60,10590,0,0
60,10450,0,0
60,9952,0,0
60,10232,0,0
61,9930,0,0
61,9832,0,0
61,9908,0,0
61,9902,0,0
61,9932,0,0
61,10036,0,0
61,9884,0,0
61,9948,0,0
61,9978,0,0
61,9936,0,0
62,10018,0,0
62,9974,0,0
62,10324,0,0
62,10370,0,0
62,10280,0,0
62,10434,0,0
62,10284,0,0
62,10422,0,0
62,10366,0,0
62,9912,0,0
63,9928,0,0
63,9934,0,0
63,9942,0,0
63,9798,0,0
63,10032,0,0
63,10248,0,0
63,10296,0,0
63,10310,0,0
63,10382,0,0
63,10172,0,0
64,9946,0,0
64,10200,0,0
64,10070,0,0
64,9922,0,0
64,10004,0,0
64,9950,0,0
64,9964,0,0
64,9994,0,0
64,9956,0,0
64,10020,0,0
65,10090,0,0
65,10342,0,0
65,10344,0,0
65,10442,0,0
65,10340,0,0
65,10516,0,0
65,10350,0,0
65,10332,0,0
65,10324,0,0
65,10330,0,0
66,10070,0,0
66,9854,0,0
66,9812,0,0
66,10102,0,0
66,10232,0,0
66,10436,0,0
66,9946,0,0
66,10006,0,0
66,10036,0,0
66,9978,0,0
67,9900,0,0
67,9856,0,0
67,10124,0,0
67,10154,0,0
67,10012,0,0
67,9890,0,0
67,9862,0,0
67,10114,0,0
67,9922,0,0
67,10032,0,0
68,10070,0,0
68,9900,0,0
68,9920,0,0
68,9892,0,0
68,9900,0,0
68,9950,0,0
68,9794,0,0
68,9832,0,0
68,9952,0,0
68,9920,0,0
69,9852,0,0
69,9906,0,0
69,9844,0,0
69,9742,0,0
69,9906,0,0
69,9922,0,0
69,9950,0,0
69,10004,0,0
69,10026,0,0
69,10032,0,0
70,9916,0,0
70,9924,0,0
70,10028,0,0
70,9994,0,0
70,9818,0,0
70,9936,0,0
70,9976,0,0
70,10308,0,0
70,10288,0,0
70,10014,0,0
71,9976,0,0
71,9948,0,0
71,10014,0,0
71,10282,0,0
71,10382,0,0
71,10324,0,0
71,10144,0,0
71,9952,0,0
71,9938,0,0
71,9886,0,0
72,9960,0,0
72,10060,0,0
72,9990,0,0
72,9870,0,0
72,9972,0,0
72,9966,0,0
72,9968,0,0
72,9932,0,0
72,9986,0,0
72,10064,0,0
73,9940,0,0
73,10100,0,0
73,10202,0,0
73,10108,0,0
73,10038,0,0
73,10158,0,0
73,10000,0,0
73,9974,0,0
73,9960,0,0
73,10042,0,0
74,9958,0,0
74,10014,0,0
74,9958,0,0
74,9968,0,0
74,9994,0,0
74,9896,0,0
74,9884,0,0
74,9948,0,0
74,9748,0,0
74,9892,0,0
75,10198,0,0
75,9676,0,0
75,9828,0,0
75,9866,0,0
75,9984,0,0
75,9946,0,0
75,9846,0,0
75,10440,0,0
75,10344,0,0
75,10396,0,0
76,10402,0,0
76,10038,0,0
76,10040,0,0
76,10116,0,0
76,10036,0,0
76,9990,0,0
76,9898,0,0
76,9900,0,0
76,9984,0,0
76,9886,0,0
77,10174,0,0
77,10098,0,0
77,9956,0,0
77,10284,0,0
77,10396,0,0
77,10090,0,0
77,9936,0,0
77,10018,0,0
77,9986,0,0
77,9950,0,0
78,10082,0,0
78,9920,0,0
78,9960,0,0
78,9938,0,0
78,9946,0,0
78,10024,0,0
78,9618,0,0
78,9760,0,0
78,9832,0,0
78,9838,0,0
79,9908,0,0
79,9966,0,0
79,10432,0,0
79,10342,0,0
79,10284,0,0
79,10288,0,0
79,10372,0,0
79,9974,0,0
79,9958,0,0
79,10048,0,0
80,10222,0,0
80,10488,0,0
80,10514,0,0
80,10446,0,0
80,9886,0,0
80,10084,0,0
80,9900,0,0
80,10134,0,0
80,10068,0,0
80,9906,0,0
81,9952,0,0
81,10282,0,0
81,10458,0,0
81,10448,0,0
81,10430,0,0
81,10484,0,0
81,10438,0,0
81,10336,0,0
81,10488,0,0
81,10262,0,0
82,9866,0,0
82,9856,0,0
82,10010,0,0
82,9988,0,0
82,10016,0,0
82,9880,0,0
82,9964,0,0
82,9854,0,0
82,10048,0,0
82,9938,0,0
83,9800,0,0
83,9836,0,0
83,9888,0,0
83,10156,0,0
83,9870,0,0
83,9918,0,0
83,10076,0,0
83,9904,0,0
83,10198,0,0
83,10344,0,0
84,9992,0,0
84,9964,0,0
84,10102,0,0
84,10064,0,0
84,10164,0,0
84,9990,0,0
84,10084,0,0
84,10028,0,0
84,9922,0,0
84,10024,0,0
85,10104,0,0
85,9960,0,0
85,9878,0,0
85,10052,0,0
85,9922,0,0
85,9938,0,0
85,9934,0,0
85,9920,0,0
85,9940,0,0
85,9994,0,0
86,10046,0,0
86,9986,0,0
86,10192,0,0
86,10192,0,0
86,10168,0,0
86,9980,0,0
86,10008,0,0
86,9990,0,0
86,10050,0,0
86,9992,0,0
87,10310,0,0
87,10218,0,0
87,10352,0,0
87,10334,0,0
87,10042,0,0
87,9994,0,0
87,10014,0,0
87,9956,0,0
87,9896,0,0
87,10002,0,0
88,9930,0,0
88,9944,0,0
88,9804,0,0
88,9854,0,0
88,9994,0,0
88,9928,0,0
88,9804,0,0
88,10116,0,0
88,10552,0,0
88,10342,0,0
89,10358,0,0
89,10398,0,0
89,10262,0,0
89,10254,0,0
89,9858,0,0
89,9810,0,0
89,9874,0,0
89,10346,0,0
89,10390,0,0
89,10298,0,0
90,10300,0,0
90,10412,0,0
90,10396,0,0
90,10536,0,0
90,10346,0,0
90,10298,0,0
90,9980,0,0
90,9922,0,0
90,9940,0,0
90,10020,0,0
91,9956,0,0
91,9900,0,0
91,9820,0,0
91,9782,0,0
91,9744,0,0
91,9744,0,0
91,9802,0,0
91,9990,0,0
91,9630,0,0
91,9898,0,0
92,10008,0,0
92,9910,0,0
92,9804,0,0
92,10042,0,0
92,9940,0,0
92,10310,0,0
92,10184,0,0
92,9996,0,0
92,10060,0,0
92,9866,0,0
93,9970,0,0
93,10018,0,0
93,9934,0,0
93,10064,0,0
93,10096,0,0
93,9914,0,0
93,10104,0,0
93,10006,0,0
93,10048,0,0
93,9940,0,0
94,9826,0,0
94,9688,0,0
94,9730,0,0
94,10438,0,0
94,10420,0,0
94,10336,0,0
94,9912,0,0
94,10024,0,0
94,10278,0,0
94,10380,0,0
95,9960,0,0
95,10108,0,0
95,9852,0,0
95,10072,0,0
95,9800,0,0
95,9808,0,0
95,9862,0,0
95,9696,0,0
95,9746,0,0
95,9802,0,0
96,9828,0,0
96,9810,0,0
96,9980,0,0
96,9946,0,0
96,9932,0,0
96,9942,0,0
96,9938,0,0
96,10016,0,0
96,10040,0,0
96,9918,0,0
97,10180,0,0
97,10408,0,0
97,10230,0,0
97,10440,0,0
97,10412,0,0
97,10382,0,0
97,10358,0,0
97,10340,0,0
97,10468,0,0
97,10252,0,0
98,10278,0,0
98,10392,0,0
98,9880,0,0
98,9918,0,0
98,9932,0,0
98,10008,0,0
98,10008,0,0
98,10298,0,0
98,10422,0,0
98,10378,0,0
99,10100,0,0
99,9932,0,0
99,10234,0,0
99,10270,0,0
99,10242,0,0
99,10004,0,0
99,10088,0,0
99,10394,0,0
99,9900,0,0
99,9970,0,0
100,9950,0,0
100,10100,0,0
100,10108,0,0
100,9946,0,0
100,9900,0,0
100,9970,0,0
100,10444,0,0
100,10412,0,0
100,10404,0,0
100,10364,0,0
101,10368,0,0
101,10346,0,0
101,10350,0,0
101,10326,0,0
101,10526,0,0
101,10096,0,0
101,10028,0,0
101,9930,0,0
101,9900,0,0
101,9902,0,0
102,10074,0,0
102,9984,0,0
102,9810,0,0
102,10194,0,0
102,10288,0,0
102,10330,0,0
102,10402,0,0
102,10720,0,0
102,10372,0,0
102,10272,0,0
103,10076,0,0
103,10000,0,0
103,9952,0,0
103,10274,0,0
103,10034,0,0
103,10362,0,0
103,10420,0,0
103,9870,0,0
103,10008,0,0
103,9966,0,0
104,9968,0,0
104,9946,0,0
104,9950,0,0
104,9828,0,0
104,9968,0,0
104,10022,0,0
104,9722,0,0
104,9846,0,0
104,9604,0,0
104,10142,0,0
105,9900,0,0
105,9994,0,0
105,10084,0,0
105,9886,0,0
105,10242,0,0
105,10284,0,0
105,10064,0,0
105,9926,0,0
105,10108,0,0
105,10266,0,0
106,10414,0,0
106,10294,0,0
106,9956,0,0
106,10072,0,0
106,9922,0,0
106,9996,0,0
106,10202,0,0
106,9998,0,0
106,9916,0,0
106,9966,0,0
107,9982,0,0
107,9794,0,0
107,10064,0,0
107,9998,0,0
107,10038,0,0
107,9598,0,0
107,9634,0,0
107,9824,0,0
107,9874,0,0
107,9672,0,0
108,9836,0,0
108,9778,0,0
108,9742,0,0
108,9866,0,0
108,10180,0,0
108,9914,0,0
108,9950,0,0
108,9944,0,0
108,9970,0,0
108,9852,0,0
109,9918,0,0
109,9828,0,0
109,10064,0,0
109,9962,0,0
109,9934,0,0
109,9900,0,0
109,10086,0,0
109,10476,0,0
109,10378,0,0
109,10440,0,0
110,10404,0,0
110,10376,0,0
110,10434,0,0
110,10354,0,0
110,10406,0,0
110,10438,0,0
110,10426,0,0
110,10484,0,0
110,10258,0,0
110,10236,0,0
111,10398,0,0
111,10518,0,0
111,10460,0,0
111,10390,0,0
111,10304,0,0
111,10390,0,0
111,10406,0,0
111,10414,0,0
111,10250,0,0
111,10624,0,0
112,10494,0,70
112,10404,0,70
112,10342,0,0
112,10568,0,70
112,10470,0,70
112,10530,0,70
112,10018,0,0
112,10060,0,0
112,9938,0,0
112,10028,0,0
113,10012,0,0
113,10498,0,0
113,10466,0,0
113,10408,0,0
113,10442,0,0
113,10426,0,0
113,10416,0,0
113,10436,0,0
113,10290,0,0
113,10476,0,0
114,9946,0,0
114,9834,0,0
114,9910,0,0
114,9870,0,0
114,10048,0,0
114,9926,0,0
114,9986,0,0
114,10004,0,0
114,9918,0,0
114,9970,0,0
115,9876,0,0
115,10006,0,0
115,10018,0,0
115,10094,0,0
115,10260,0,0
115,10446,0,0
115,10480,0,0
115,10438,0,0
115,10436,0,0
115,9926,0,0
116,10038,0,0
116,9874,0,0
116,10028,0,0
116,10018,0,0
116,10280,0,0
116,10208,0,0
116,10278,0,0
116,10518,0,0
116,10578,0,0
116,10126,0,0
117,10054,0,0
117,10024,0,0
117,10032,0,0
117,9950,0,0
117,9914,0,0
117,9890,0,0
117,9842,0,0
117,9990,0,0
117,9976,0,0
117,10234,0,0
118,10376,0,0
118,10382,0,0
118,10424,0,0
118,10374,0,0
118,10264,0,0
118,10036,0,0
118,9990,0,0
118,10028,0,0
118,9888,0,0
118,9974,0,0
119,10020,0,0
119,9898,0,0
119,9918,0,0
119,9880,0,0
119,9992,0,0
119,10046,0,0
119,10068,0,0
119,9930,0,0
119,9962,0,0
119,9962,0,0
120,9974,0,0
120,9702,0,0
120,9756,0,0
120,9862,0,0
120,9772,0,0
120,9824,0,0
120,9680,0,0
120,9702,0,0
120,9680,0,0
120,9680,0,0
121,9854,0,0
121,10018,0,0
121,10006,0,0
121,10140,0,0
121,9930,0,0
121,10048,0,0
121,10026,0,0
121,9988,0,0
121,9852,0,0
121,10042,0,0
122,9954,0,0
122,9950,0,0
122,10072,0,0
122,9988,0,0
122,9856,0,0
122,9604,0,0
122,9858,0,0
122,9904,0,0
122,9900,0,0
122,9922,0,0
123,10250,0,0
123,10006,0,0
123,10046,0,0
123,10018,0,0
123,10052,0,0
123,9968,0,0
123,9704,0,0
123,10004,0,0
123,10078,0,0
123,9808,0,0
124,9910,0,0
124,9714,0,0
124,9864,0,0
124,9978,0,0
124,10028,0,0
124,9932,0,0
124,9760,0,0
124,10096,0,0
124,10320,0,0
124,10216,0,0
125,10352,0,0
125,10432,0,0
125,10422,0,0
125,10420,0,0
125,10472,0,0
125,10486,0,0
125,10452,0,0
125,10418,0,0
125,10454,0,0
125,10398,0,0
126,10138,0,0
126,10678,0,0
126,10474,0,0
126,10384,0,0
126,10228,0,0
126,9950,0,0
126,10018,0,0
126,9932,0,0
126,9922,0,0
126,9992,0,0
127,9928,0,0
127,9908,0,0
127,10014,0,0
127,9862,0,0
127,10218,0,0
127,10396,0,0
127,10320,0,0
127,9880,0,0
127,10050,0,0
127,9944,0,0
128,9908,0,0
128,9952,0,0
128,9978,0,0
128,10018,0,0
128,9866,0,0
128,9916,0,0
128,9948,0,0
128,10004,0,0
128,10060,0,0
128,10012,0,0
129,10380,0,0
129,10438,0,0
129,10550,0,0
129,10358,0,0
129,10436,0,0
129,10268,0,0
129,10462,0,0
129,10400,0,0
129,10308,0,0
129,10486,0,0
130,10468,0,0
130,9962,0,0
130,10004,0,0
130,9908,0,0
130,9978,0,0
130,10000,0,0
130,9826,0,0
130,10008,0,0
130,9928,0,0
130,9932,0,0
131,10078,0,0
131,10010,0,0
131,10280,0,0
131,10174,0,0
131,9894,0,0
131,10132,0,0
131,10118,0,0
131,9980,0,0
131,10012,0,0
131,9978,0,0
132,9976,0,0
132,9982,0,0
132,9944,0,0
132,10022,0,0
132,10004,0,0
132,9922,0,0
132,9918,0,0
132,10004,0,0
132,9956,0,0
132,9980,0,0
133,9800,0,0
133,9976,0,0
133,9990,0,0
133,9712,0,0
133,10170,0,0
133,10320,0,0
133,10396,0,0
133,10060,0,0
133,9970,0,0
133,9908,0,0
134,9918,0,0
134,9886,0,0
134,9974,0,0
134,9880,0,0
134,10004,0,0
134,10092,0,0
134,9994,0,0
134,10018,0,0
134,9822,0,0
134,9920,0,0
135,9934,0,0
135,9964,0,0
135,9904,0,0
135,9906,0,0
135,9844,0,0
135,9776,0,0
135,9858,0,0
135,9950,0,0
135,10066,0,0
135,9952,0,0
136,10248,0,0
136,10078,0,0
136,9930,0,0
136,10120,0,0
136,10360,0,0
136,10256,0,0
136,10360,0,0
136,10182,0,0
136,10220,0,0
136,10394,0,0
137,10406,0,0
137,10138,0,0
137,9862,0,0
137,9994,0,0
137,9984,0,0
137,10028,0,0
137,9948,0,0
137,9934,0,0
137,10092,0,0
137,10296,0,0
138,9986,0,0
138,10074,0,0
138,9948,0,0
138,10108,0,0
138,9956,0,0
138,9988,0,0
138,9950,0,0
138,9958,0,0
138,9922,0,0
138,9972,0,0
139,9936,0,0
139,9984,0,0
139,9924,0,0
139,9916,0,0
139,9866,0,0
139,9782,0,0
139,9906,0,0
139,9986,0,0
139,9798,0,0
139,9690,0,0
140,9924,0,0
140,9836,0,0
140,10072,0,0
140,10158,0,0
140,10404,0,0
140,9870,0,0
140,10014,0,0
140,9858,0,0
140,10270,0,0
140,10458,0,0
141,10406,0,0
141,10498,0,0
141,10330,0,0
141,10330,0,0
141,10450,0,0
141,10220,0,0
141,10176,0,0
141,9780,0,0
141,9866,0,0
141,9922,0,0
142,9936,0,0
142,10012,0,0
142,10508,0,0
142,10420,0,0
142,10000,0,0
142,10206,0,0
142,10310,0,0
142,10340,0,0
142,9936,0,0
142,9942,0,0
143,9978,0,0
143,9850,0,0
143,10094,0,0
143,9952,0,0
143,9896,0,0
143,9998,0,0
143,9938,0,0
143,9914,0,0
143,10068,0,0
143,10130,0,0
144,10036,0,0
144,10306,0,0
144,10218,0,0
144,10046,0,0
144,9842,0,0
144,10022,0,0
144,9920,0,0
144,9860,0,0
144,9776,0,0
144,9988,0,0
145,10106,0,0
145,10360,0,0
145,10522,0,0
145,10320,0,0
145,10450,0,0
145,10318,0,0
145,10484,0,0
145,10452,0,0
145,10286,0,0
145,10244,0,0
146,9894,0,0
146,9984,0,0
146,9976,0,0
146,10006,0,0
146,9888,0,0
146,9944,0,0
146,10032,0,0
146,9992,0,0
146,9702,0,0
146,9712,0,0
147,9810,0,0
147,10060,0,0
147,10042,0,0
147,10070,0,0
147,9900,0,0
147,9902,0,0
147,9818,0,0
147,9894,0,0
147,9864,0,0
147,9924,0,0
148,9962,0,0
148,9904,0,0
148,9986,0,0
148,9738,0,0
148,10044,0,0
148,10086,0,0
148,9872,0,0
148,10054,0,0
148,9840,0,0
148,10054,0,0
149,10436,0,0
149,10242,0,0
149,10384,0,0
149,9960,0,0
149,10022,0,0
149,10000,0,0
149,9994,0,0
149,9956,0,0
149,9952,0,0
149,9918,0,0
150,10012,0,0
150,10098,0,0
150,10026,0,0
150,10032,0,0
150,9834,0,0
150,9970,0,0
150,10012,0,0
150,10166,0,0
150,10332,0,0
150,10064,0,0
151,9966,0,0
151,9936,0,0
151,10064,0,0
151,10258,0,0
151,10024,0,0
151,10056,0,0
151,9966,0,0
151,9888,0,0
151,9914,0,0
151,9890,0,0
152,9998,0,0
152,9994,0,0
152,9928,0,0
152,9938,0,0
152,9958,0,0
152,9826,0,0
152,9796,0,0
152,9886,0,0
152,10028,0,0
152,10042,0,0
153,9930,0,0
153,9948,0,0
153,10154,0,0
153,9972,0,0
153,9946,0,0
153,9880,0,0
153,9818,0,0
153,9972,0,0
153,9914,0,0
153,9948,0,0
154,9728,0,0
154,9920,0,0
154,10084,0,0
154,9884,0,0
154,9550,0,0
154,9862,0,0
154,9856,0,0
154,9986,0,0
154,10008,0,0
154,10026,0,0
155,9748,0,0
155,10030,0,0
155,9874,0,0
155,10018,0,0
155,9982,0,0
155,10378,0,0
155,10356,0,0
155,10020,0,0
155,9964,0,0
155,9928,0,0
156,9870,0,0
156,9786,0,0
156,9800,0,0
156,10018,0,0
156,9950,0,0
156,9866,0,0
156,9990,0,0
156,10298,0,0
156,10430,0,0
156,10542,0,0
157,10314,0,0
157,10364,0,0
157,9988,0,0
157,9882,0,0
157,9988,0,0
157,9900,0,0
157,9986,0,0
157,9996,0,0
157,10068,0,0
157,9856,0,0
158,9904,0,0
158,9926,0,0
158,10382,0,0
158,9962,0,0
158,9980,0,0
158,10002,0,0
158,10086,0,0
158,9970,0,0
158,9808,0,0
158,9982,0,0
159,9932,0,0
159,10004,0,0
159,9836,0,0
159,9902,0,0
159,9826,0,0
159,9626,0,0
159,9680,0,0
159,9514,0,0
159,9852,0,0
159,10038,0,0
160,9914,0,0
160,9962,0,0
160,9960,0,0
160,9862,0,0
160,9710,0,0
160,9786,0,0
160,9716,0,0
160,9858,0,0
160,9682,0,0
160,9926,0,0
161,10008,0,0
161,10306,0,0
161,10384,0,0
161,10400,0,0
161,10508,0,0
161,10278,0,0
161,10462,0,0
161,10294,0,0
161,10242,0,0
161,10410,0,0
162,10232,0,0
162,10328,0,0
162,10030,0,0
162,9766,0,0
162,9970,0,0
162,9954,0,0
162,10050,0,0
162,9970,0,0
162,9986,0,0
162,9916,0,0
163,9994,0,0
163,9962,0,0
163,9974,0,0
163,9926,0,0
163,10096,0,0
163,9950,0,0
163,10086,0,0
163,10352,0,0
163,10196,0,0
163,9928,0,0
164,10010,0,0
164,9964,0,0
164,9998,0,0
164,10074,0,0
164,10118,0,0
164,10242,0,0
164,10462,0,0
164,10450,0,0
164,10206,0,0
164,9980,0,0
165,10008,0,0
165,9996,0,0
165,9872,0,0
165,9938,0,0
165,9956,0,0
165,9900,0,0
165,9968,0,0
165,9950,0,0
165,10024,0,0
165,9760,0,0
166,9932,0,0
166,10058,0,0
166,10342,0,0
166,10298,0,0
166,10394,0,0
166,10464,0,0
166,10136,0,0
166,9950,0,0
166,9920,0,0
166,10118,0,0
167,10022,0,0
167,10090,0,0
167,10198,0,0
167,10004,0,0
167,10002,0,0
167,9964,0,0
167,9984,0,0
167,9974,0,0
167,9990,0,0
167,10022,0,0
168,10112,0,0
168,9946,0,0
168,9940,0,0
168,9956,0,0
168,10056,0,0
168,10268,0,0
168,10158,0,0
168,9986,0,0
168,10002,0,0
168,9992,0,0
169,9906,0,0
169,9846,0,0
169,9586,0,0
169,9904,0,0
169,10026,0,0
169,10018,0,0
169,9966,0,0
169,10030,0,0
169,9984,0,0
169,10194,0,0
170,10042,0,0
170,10108,0,0
170,9970,0,0
170,10064,0,0
170,9832,0,0
170,9926,0,0
170,9814,0,0
170,9852,0,0
170,9662,0,0
170,9934,0,0
171,9746,0,0
171,9976,0,0
171,10092,0,0
171,10014,0,0
171,10018,0,0
171,9966,0,0
171,9976,0,0
171,9826,0,0
171,9638,0,0
171,9748,0,0
172,9668,0,0
172,9622,0,0
172,10274,0,0
172,10432,0,0
172,9952,0,0
172,9966,0,0
172,10000,0,0
172,9998,0,0
172,9824,0,0
172,10074,0,0
173,9942,0,0
173,9912,0,0
173,10058,0,0
173,9960,0,0
173,9912,0,0
173,9874,0,0
173,9834,0,0
173,9852,0,0
173,9930,0,0
173,9890,0,0
174,9984,0,0
174,10134,0,0
174,10284,0,0
174,10340,0,0
174,10036,0,0
174,9952,0,0
174,9946,0,0
174,10064,0,0
174,9970,0,0
174,9950,0,0
175,10312,0,0
175,10028,0,0
175,10060,0,0
175,9940,0,0
175,9790,0,0
175,9994,0,0
175,9980,0,0
175,10136,0,0
175,10344,0,0
175,10248,0,0
176,10420,0,0
176,10286,0,0
176,10356,0,0
176,10258,0,0
176,10278,0,0
176,10430,0,0
176,10482,0,0
176,10360,0,0
176,10488,0,0
176,10346,0,0
177,10444,0,0
177,10488,0,0
177,10392,0,0
177,10442,0,0
177,10436,0,0
177,10434,0,0
177,10390,0,0
177,10482,0,0
177,10330,0,0
177,10298,0,0
178,9942,0,0
178,9876,0,0
178,9986,0,0
178,9924,0,0
178,9916,0,0
178,10066,0,0
178,10018,0,0
178,9900,0,0
178,10300,0,0
178,9994,0,0
179,9942,0,0
179,10420,0,0
179,10290,0,0
179,10192,0,0
179,9800,0,0
179,9944,0,0
179,9990,0,0
179,9822,0,0
179,10170,0,0
179,10414,0,0
180,10448,0,0
180,10022,0,0
180,10066,0,0
180,9910,0,0
180,9984,0,0
180,10124,0,0
180,10004,0,0
180,10066,0,0
180,9902,0,0
180,9718,0,0
181,9784,0,0
181,9944,0,0
181,9844,0,0
181,9924,0,0
181,10232,0,0
181,10254,0,0
181,10008,0,0
181,10054,0,0
181,9978,0,0
181,9966,0,0
182,9944,0,0
182,9950,0,0
182,9928,0,0
182,9886,0,0
182,9904,0,0
182,10008,0,0
182,9904,0,0
182,10112,0,0
182,10210,0,0
182,9920,0,0
183,9984,0,0
183,10028,0,0
183,10366,0,0
183,10336,0,0
183,10180,0,0
183,10024,0,0
183,9996,0,0
183,9960,0,0
183,9886,0,0
183,10080,0,0
184,9928,0,0
184,9860,0,0
184,9912,0,0
184,9880,0,0
184,9648,0,0
184,9644,0,0
184,9602,0,0
184,9942,0,0
184,10014,0,0
184,9974,0,0
185,9990,0,0
185,9960,0,0
185,9994,0,0
185,9962,0,0
185,9902,0,0
185,9988,0,0
185,10100,0,0
185,9964,0,0
185,9886,0,0
185,9898,0,0
186,9654,0,0
186,9702,0,0
186,9632,0,0
186,9748,0,0
186,9550,0,0
186,9744,0,0
186,9888,0,0
186,9900,0,0
186,9680,0,0
186,9910,0,0
187,9880,0,0
187,9956,0,0
187,9918,0,0
187,10048,0,0
187,9966,0,0
187,9822,0,0
187,10242,0,0
187,10206,0,0
187,10084,0,0
187,10312,0,0
188,9862,0,0
188,10000,0,0
188,10112,0,0
188,9998,0,0
188,9998,0,0
188,10004,0,0
188,9890,0,0
188,10140,0,0
188,9968,0,0
188,9894,0,0
189,10012,0,0
189,9998,0,0
189,10254,0,0
189,10424,0,0
189,10216,0,0
189,10334,0,0
189,10472,0,0
189,10436,0,0
189,10522,0,0
189,10472,0,0
190,10522,0,0
190,10492,0,0
190,10518,0,0
190,10430,0,0
190,9960,0,0
190,9966,0,0
190,9890,0,0
190,10000,0,0
190,9964,0,0
190,10012,0,0
191,9966,0,0
191,9856,0,0
191,9906,0,0
191,10130,0,0
191,10026,0,0
191,9970,0,0
191,9882,0,0
191,9938,0,0
191,9962,0,0
191,10046,0,0
192,10116,0,0
192,10060,0,0
192,9956,0,0
192,9862,0,0
192,9832,0,0
192,9718,0,0
192,9588,0,0
192,9968,0,0
192,9692,0,0
192,9870,0,0
193,9952,0,0
193,10220,0,0
193,10372,0,0
193,10412,0,0
193,10448,0,0
193,10306,0,0
193,10350,0,0
193,10364,0,0
193,10424,0,0
193,10376,0,0
194,9918,0,0
194,9890,0,0
194,10066,0,0
194,10270,0,0
194,9980,0,0
194,9896,0,0
194,10036,0,0
194,10080,0,0
194,9946,0,0
194,9892,0,0
195,9914,0,0
195,10086,0,0
195,10270,0,0
195,10408,0,0
195,10332,0,0
195,10230,0,0
195,10376,0,0
195,9942,0,0
195,9946,0,0
195,9866,0,0
196,9898,0,0
196,9886,0,0
196,9880,0,0
196,9674,0,0
196,10028,0,0
196,10052,0,0
196,9914,0,0
196,9896,0,0
196,9874,0,0
196,9894,0,0
197,10088,0,0
197,9876,0,0
197,9918,0,0
197,9928,0,0
197,9858,0,0
197,9826,0,0
197,9856,0,0
197,9932,0,0
197,9920,0,0
197,10020,0,0
198,9782,0,0
198,9880,0,0
198,9730,0,0
198,9668,0,0
198,9928,0,0
198,9906,0,0
198,9976,0,0
198,10016,0,0
198,9834,0,0
198,9746,0,0
199,9842,0,0
199,9734,0,0
199,9870,0,0
199,9810,0,0
199,9812,0,0
199,10034,0,0
199,9990,0,0
199,9890,0,0
199,9952,0,0
199,9900,0,0
200,9872,0,0
200,9996,0,0
200,9900,0,0
200,10052,0,0
200,9900,0,0
200,9676,0,0
200,10000,0,0
200,9752,0,0
200,10338,0,0
200,10258,0,0
201,10148,0,0
201,10284,0,0
201,9962,0,0
201,9962,0,0
201,10106,0,0
201,10020,0,0
201,10040,0,0
201,10076,0,0
201,9994,0,0
201,9984,0,0
202,10116,0,0
202,10022,0,0
202,10120,0,0
202,10028,0,0
202,10144,0,0
202,10038,0,0
202,9836,0,0
202,10036,0,0
202,10310,0,0
202,10080,0,0
203,10272,0,0
203,10488,0,0
203,10316,0,0
203,10080,0,0
203,9984,0,0
203,9976,0,0
203,9880,0,0
203,9956,0,0
203,10050,0,0
203,9776,0,0
204,10022,0,0
204,10032,0,0
204,9744,0,0
204,9760,0,0
204,9786,0,0
204,9830,0,0
204,10052,0,0
204,9910,0,0
204,10032,0,0
204,9908,0,0
205,10098,0,0
205,9974,0,0
205,9808,0,0
205,9656,0,0
205,9810,0,0
205,9752,0,0
205,9688,0,0
205,9598,0,0
205,9852,0,0
205,9886,0,0
206,9970,0,0
206,10466,0,0
206,10420,0,0
206,10300,0,0
206,10012,0,0
206,10014,0,0
206,10004,0,0
206,9904,0,0
206,10026,0,0
206,9728,0,0
207,10008,0,0
207,9956,0,0
207,10014,0,0
207,10312,0,0
207,9914,0,0
207,9852,0,0
207,10030,0,0
207,9906,0,0
207,9726,0,0
207,9932,0,0
208,9860,0,0
208,10002,0,0
208,9928,0,0
208,9904,0,0
208,10136,0,0
208,10186,0,0
208,9996,0,0
208,9914,0,0
208,10058,0,0
208,9942,0,0
209,9988,0,0
209,10374,0,0
209,10408,0,0
209,10468,0,0
209,10450,0,0
209,10412,0,0
209,10412,0,0
209,10298,0,0
209,10480,0,0
209,10500,0,0
210,9888,0,0
210,9948,0,0
210,9920,0,0
210,9944,0,0
210,10020,0,0
210,9952,0,0
210,10256,0,0
210,10372,0,0
210,10314,0,0
210,10026,0,0
211,10086,0,0
211,9936,0,0
211,10014,0,0
211,9978,0,0
211,9852,0,0
211,9982,0,0
211,9954,0,0
211,9910,0,0
211,10034,0,0
211,9948,0,0
212,9928,0,0
212,9672,0,0
212,9924,0,0
212,9930,0,0
212,10010,0,0
212,9980,0,0
212,9884,0,0
212,10202,0,0
212,9900,0,0
212,10040,0,0
213,10002,0,0
213,10010,0,0
213,10004,0,0
213,9932,0,0
213,9856,0,0
213,10026,0,0
213,10048,0,0
213,10524,0,0
213,10056,0,0
213,10008,0,0
214,9974,0,0
214,9932,0,0
214,10044,0,0
214,10040,0,0
214,9880,0,0
214,9980,0,0
214,9894,0,0
214,9946,0,0
214,10038,0,0
214,9966,0,0
215,10426,0,0
215,9936,0,0
215,10020,0,0
215,9804,0,0
215,9948,0,0
215,9916,0,0
215,9842,0,0
215,9900,0,0
215,9928,0,0
215,9958,0,0
216,9942,0,0
216,9848,0,0
216,10090,0,0
216,10018,0,0
216,9864,0,0
216,9992,0,0
216,9798,0,0
216,9794,0,0
216,9922,0,0
216,9942,0,0
217,9856,0,0
217,9918,0,0
217,9846,0,0
217,9602,0,0
217,9980,0,0
217,10066,0,0
217,10006,0,0
217,9916,0,0
217,10164,0,0
217,9914,0,0
218,10022,0,0
218,9912,0,0
218,9896,0,0
218,10048,0,0
218,10392,0,0
218,10492,0,0
218,10372,0,0
218,10474,0,0
218,10008,0,0
218,9900,0,0
219,9964,0,0
219,10032,0,0
219,10198,0,0
219,9952,0,0
219,10012,0,0
219,9910,0,0
219,9956,0,0
219,9928,0,0
219,9962,0,0
219,9910,0,0
220,9944,0,0
220,10074,0,0
220,10342,0,0
220,10022,0,0
220,9988,0,0
220,10004,0,0
220,9810,0,0
220,10038,0,0
220,9902,0,0
220,9932,0,0
221,9998,0,0
221,9940,0,0
221,10340,0,0
221,9948,0,0
221,10076,0,0
221,9988,0,0
221,10022,0,0
221,10100,0,0
221,10286,0,0
221,10418,0,0
222,10404,0,0
222,10292,0,0
222,10426,0,0
222,10450,0,0
222,10486,0,0
222,10350,0,0
222,10394,0,0
222,10476,0,0
222,10412,0,0
222,10372,0,0
223,10424,0,0
223,10330,0,0
223,10314,0,0
223,10288,0,0
223,10358,0,0
223,10322,0,0
223,10382,0,0
223,10390,0,0
223,10392,0,0
223,10258,0,0
224,10406,0,0
224,10296,0,0
224,10318,0,0
224,10396,0,0
224,10406,0,0
224,10432,0,0
224,10344,0,0
224,10330,0,0
224,10380,0,0
224,10578,0,0
225,10250,0,0
225,10348,0,0
225,10510,0,0
225,10616,0,0
225,10396,0,0
225,10540,0,0
225,10532,0,0
225,10368,0,0
225,10418,0,0
225,10590,0,0
226,10334,0,0
226,10484,0,0
226,10364,0,0
226,10418,0,0
226,10450,0,0
226,10338,0,0
226,10370,0,0
226,10348,0,0
226,10232,0,0
226,9960,0,0
227,10014,0,0
227,9926,0,0
227,10108,0,0
227,10060,0,0
227,9972,0,0
227,10270,0,0
227,10232,0,0
227,10042,0,0
227,9984,0,0
227,9978,0,0
228,10012,0,0
228,9994,0,0
228,9966,0,0
228,9916,0,0
228,10000,0,0
228,9942,0,0
228,9894,0,0
228,9928,0,0
228,10020,0,0
228,9960,0,0
229,9946,0,0
229,10030,0,0
229,9902,0,0
229,9980,0,0
229,9944,0,0
229,10060,0,0
229,9908,0,0
229,9998,0,0
229,10028,0,0
229,10040,0,0
230,10338,0,0
230,10506,0,0
230,10374,0,0
230,10320,0,0
230,10254,0,0
230,9970,0,0
230,10046,0,0
230,10084,0,0
230,9946,0,0
230,9956,0,0
231,9836,0,0
231,9926,0,0
231,10234,0,0
231,10080,0,0
231,9952,0,0
231,9896,0,0
231,9844,0,0
231,9710,0,0
231,10054,0,0
231,10054,0,0
232,10030,0,0
232,9906,0,0
232,10024,0,0
232,9950,0,0
232,9906,0,0
232,9908,0,0
232,9954,0,0
232,9928,0,0
232,10306,0,0
232,10384,0,0
233,10014,0,0
233,9920,0,0
233,9994,0,0
233,10172,0,0
233,10284,0,0
233,10674,0,0
233,10148,0,0
233,10280,0,0
233,10052,0,0
233,9956,0,0
234,9956,0,0
234,9914,0,0
234,10064,0,0
234,10080,0,0
234,9962,0,0
234,9924,0,0
234,9892,0,0
234,9984,0,0
234,9742,0,0
234,9900,0,0
235,10050,0,0
235,10016,0,0
235,9922,0,0
235,10046,0,0
235,10016,0,0
235,9994,0,0
235,10004,0,0
235,10026,0,0
235,9892,0,0
235,9766,0,0
236,9902,0,0
236,10010,0,0
236,9658,0,0
236,9732,0,0
236,9672,0,0
236,9768,0,0
236,10038,0,0
236,9918,0,0
236,9956,0,0
236,9912,0,0
237,9674,0,0
237,10222,0,0
237,10340,0,0
237,9946,0,0
237,10076,0,0
237,10004,0,0
237,9928,0,0
237,10022,0,0
237,10040,0,0
237,9918,0,0
238,10108,0,0
238,10086,0,0
238,10086,0,0
238,10082,0,0
238,9996,0,0
238,10268,0,0
238,10352,0,0
238,10060,0,0
238,9984,0,0
238,9922,0,0
239,9698,0,0
239,9898,0,0
239,10324,0,0
239,10478,0,0
239,10354,0,0
239,10384,0,0
239,10378,0,0
239,10382,0,0
239,10292,0,0
239,10316,0,0
240,10228,0,0
240,10468,0,0
240,10298,0,0
240,10388,0,0
240,10540,0,0
240,10384,0,0
240,9754,0,0
240,9994,0,0
240,9934,0,0
240,10280,0,0
241,10368,0,0
241,10414,0,0
241,10428,0,0
241,10388,0,0
241,10270,0,0
241,10408,0,0
241,10530,0,0
241,10444,0,0
241,10368,0,0
241,10258,0,0
242,9928,0,0
242,9804,0,0
242,10006,0,0
242,9940,0,0
242,9880,0,0
242,9968,0,0
242,10376,0,0
242,10248,0,0
242,9880,0,0
242,9994,0,0
243,10042,0,0
243,10022,0,0
243,9956,0,0
243,9996,0,0
243,9958,0,0
243,9978,0,0
243,9946,0,0
243,10276,0,0
243,9944,0,0
243,9938,0,0
244,10042,0,0
244,9860,0,0
244,9918,0,0
244,10014,0,0
244,9876,0,0
244,9946,0,0
244,10032,0,0
244,10054,0,0
244,9980,0,0
244,9952,0,0
245,9990,0,0
245,9918,0,0
245,10014,0,0
245,9914,0,0
245,9942,0,0
245,10364,0,0
245,9988,0,0
245,10022,0,0
245,9906,0,0
245,9944,0,0
246,9916,0,0
246,10052,0,0
246,10092,0,0
246,10254,0,0
246,10138,0,0
246,9928,0,0
246,10042,0,0
246,9830,0,0
246,9908,0,0
246,9966,0,0
247,9938,0,0
247,9916,0,0
247,9832,0,0
247,9836,0,0
247,10006,0,0
247,9860,0,0
247,10040,0,0
247,10082,0,0
247,9880,0,0
247,9850,0,0
248,9818,0,0
248,10030,0,0
248,9820,0,0
248,9770,0,0
248,9984,0,0
248,10380,0,0
248,10420,0,0
248,9972,0,0
248,10040,0,0
248,10010,0,0
249,9786,0,0
249,9942,0,0
249,9880,0,0
249,10028,0,0
249,9864,0,0
249,9790,0,0
249,9962,0,0
249,9844,0,0
249,9706,0,0
249,9746,0,0
250,9830,0,0
250,9802,0,0
250,10036,0,0
250,9984,0,0
250,9908,0,0
250,9994,0,0
250,9976,0,0
250,9920,0,0
250,9942,0,0
250,10000,0,0
251,9988,0,0
251,9912,0,0
251,9852,0,0
251,9852,0,0
251,9730,0,0
251,9738,0,0
251,9876,0,0
251,10144,0,0
251,10368,0,0
251,10384,0,0
252,10494,0,0
252,10042,0,0
252,10020,0,0
252,10000,0,0
252,9948,0,0
252,10282,0,0
252,10344,0,0
252,10392,0,0
252,10266,0,0
252,10382,0,0
253,10506,0,0
253,10490,0,0
253,10392,0,0
253,10384,0,0
253,10344,0,0
253,10514,0,0
253,10462,0,0
253,10072,0,0
253,9838,0,0
253,9788,0,0
254,9942,0,0
254,9888,0,0
254,9958,0,0
254,9918,0,0
254,9868,0,0
254,9944,0,0
254,9798,0,0
254,9750,0,0
254,9804,0,0
254,9868,0,0
255,9862,0,0
255,9820,0,0
255,10024,0,0
255,10002,0,0
255,9874,0,0
255,9954,0,0
255,9968,0,0
255,10234,0,0
255,9880,0,0
255,9766,0,0
